,ID,Sequence Length,Sequence,tokens,Group_ID_Predicted,Predicted_Probabilities
0,01,154,GSGVIVSPEGHVITNNHVIQGVTKIKVSLSDKREFDGTLVGTDPTSDLGIVKIQGNNLPVAQWGDSDALSVGEWVVAIGSPFGLSQTVTAGIVSAKGRYDVGISGYEDFIQTDAAINPGNSGGALVDVNGTLVGVNTAIFSKSGGYQGIGFAIP,"{'input_ids': [5, 8, 5, 6, 9, 6, 8, 14, 7, 5, 20, 6, 9, 13, 15, 15, 20, 6, 9, 16, 5, 6, 13, 10, 9, 10, 6, 8, 3, 8, 12, 10, 11, 7, 17, 12, 5, 13, 3, 6, 5, 13, 12, 14, 13, 8, 12, 3, 5, 9, 6, 10, 9, 16, 5, 15, 15, 3, 14, 6, 4, 16, 22, 5, 12, 8, 12, 4, 3, 8, 6, 5, 7, 22, 6, 6, 4, 9, 5, 8, 14, 17, 5, 3, 8, 16, 13, 6, 13, 4, 5, 9, 6, 8, 4, 10, 5, 11, 18, 12, 6, 5, 9, 8, 5, 18, 7, 12, 17, 9, 16, 13, 12, 4, 4, 9, 15, 14, 5, 15, 8, 5, 5, 4, 3, 6, 12, 6, 15, 5, 13, 3, 6, 5, 6, 15, 13, 4, 9, 17, 8, 10, 8, 5, 5, 18, 16, 5, 9, 5, 17, 4, 9, 14, 2, 1, 1, 1, 1, 1, 1, 1, 1, 1, 1, 1, 1, 1, 1, 1, 1, 1, 1, 1, 1, 1, 1, 1, 1, 1, 1, 1, 1, 1, 1, 1, 1, 1, 1, 1, 1, 1, 1, 1, 1, 1, 1, 1, 1, 1, 1, 1, 1, 1, 1, 1, 1, 1, 1, 1, 1, 1, 1, 1, 1, 1, 1, 1, 1, 1, 1, 1, 1, 1, 1, 1, 1, 1, 1, 1, 1, 1, 1, 1, 1, 1, 1, 1, 1, 1, 1, 1, 1, 1, 1, 1, 1, 1, 1, 1, 1, 1, 1, 1, 1, 1, 1, 1, 1, 1, 1, 1, 1, 1, 1, 1, 1, 1, 1, 1, 1, 1, 1, 1, 1, 1, 1], 'token_type_ids': [0, 0, 0, 0, 0, 0, 0, 0, 0, 0, 0, 0, 0, 0, 0, 0, 0, 0, 0, 0, 0, 0, 0, 0, 0, 0, 0, 0, 0, 0, 0, 0, 0, 0, 0, 0, 0, 0, 0, 0, 0, 0, 0, 0, 0, 0, 0, 0, 0, 0, 0, 0, 0, 0, 0, 0, 0, 0, 0, 0, 0, 0, 0, 0, 0, 0, 0, 0, 0, 0, 0, 0, 0, 0, 0, 0, 0, 0, 0, 0, 0, 0, 0, 0, 0, 0, 0, 0, 0, 0, 0, 0, 0, 0, 0, 0, 0, 0, 0, 0, 0, 0, 0, 0, 0, 0, 0, 0, 0, 0, 0, 0, 0, 0, 0, 0, 0, 0, 0, 0, 0, 0, 0, 0, 0, 0, 0, 0, 0, 0, 0, 0, 0, 0, 0, 0, 0, 0, 0, 0, 0, 0, 0, 0, 0, 0, 0, 0, 0, 0, 0, 0, 0, 0, 0, 0, 0, 0, 0, 0, 0, 0, 0, 0, 0, 0, 0, 0, 0, 0, 0, 0, 0, 0, 0, 0, 0, 0, 0, 0, 0, 0, 0, 0, 0, 0, 0, 0, 0, 0, 0, 0, 0, 0, 0, 0, 0, 0, 0, 0, 0, 0, 0, 0, 0, 0, 0, 0, 0, 0, 0, 0, 0, 0, 0, 0, 0, 0, 0, 0, 0, 0, 0, 0, 0, 0, 0, 0, 0, 0, 0, 0, 0, 0, 0, 0, 0, 0, 0, 0, 0, 0, 0, 0, 0, 0, 0, 0, 0, 0, 0, 0, 0, 0, 0, 0, 0, 0, 0, 0, 0, 0, 0, 0, 0, 0, 0, 0, 0, 0, 0, 0, 0, 0, 0, 0, 0], 'attention_mask': [1, 1, 1, 1, 1, 1, 1, 1, 1, 1, 1, 1, 1, 1, 1, 1, 1, 1, 1, 1, 1, 1, 1, 1, 1, 1, 1, 1, 1, 1, 1, 1, 1, 1, 1, 1, 1, 1, 1, 1, 1, 1, 1, 1, 1, 1, 1, 1, 1, 1, 1, 1, 1, 1, 1, 1, 1, 1, 1, 1, 1, 1, 1, 1, 1, 1, 1, 1, 1, 1, 1, 1, 1, 1, 1, 1, 1, 1, 1, 1, 1, 1, 1, 1, 1, 1, 1, 1, 1, 1, 1, 1, 1, 1, 1, 1, 1, 1, 1, 1, 1, 1, 1, 1, 1, 1, 1, 1, 1, 1, 1, 1, 1, 1, 1, 1, 1, 1, 1, 1, 1, 1, 1, 1, 1, 1, 1, 1, 1, 1, 1, 1, 1, 1, 1, 1, 1, 1, 1, 1, 1, 1, 1, 1, 1, 1, 1, 1, 1, 1, 1, 1, 1, 1, 1, 0, 0, 0, 0, 0, 0, 0, 0, 0, 0, 0, 0, 0, 0, 0, 0, 0, 0, 0, 0, 0, 0, 0, 0, 0, 0, 0, 0, 0, 0, 0, 0, 0, 0, 0, 0, 0, 0, 0, 0, 0, 0, 0, 0, 0, 0, 0, 0, 0, 0, 0, 0, 0, 0, 0, 0, 0, 0, 0, 0, 0, 0, 0, 0, 0, 0, 0, 0, 0, 0, 0, 0, 0, 0, 0, 0, 0, 0, 0, 0, 0, 0, 0, 0, 0, 0, 0, 0, 0, 0, 0, 0, 0, 0, 0, 0, 0, 0, 0, 0, 0, 0, 0, 0, 0, 0, 0, 0, 0, 0, 0, 0, 0, 0, 0, 0, 0, 0, 0, 0, 0, 0]}",C,"{'A': 8.785077079664916e-05, 'IA': 3.525092324707657e-05, 'T': 9.538894664729014e-05, 'AV': 0.0001440782070858404, 'AC': 0.00013214060163591057, 'P': 0.00012455214164219797, 'A***8': 5.7529501646058634e-05, 'A)': 5.764340312452987e-05, 'LL': 6.674569885944948e-05, 'II': 5.875997158000246e-05, 'M': 3.0668066756334156e-05, 'AD': 2.8272637791815214e-05, 'ADD': 6.390158523572609e-05, 'PT': 5.744906957261264e-05, 'ttttt': 6.420322461053729e-05, 'G': 5.0879923946922645e-05, 'F': 4.4830692786490545e-05, 'AA': 3.899529474438168e-05, 'B': 0.0022583946119993925, 'U': 7.652329804841429e-05, 'C': 0.9956412315368652, 'HHHH': 2.528363256715238e-05, 'D': 9.484071051701903e-05, 'L': 0.00018827378517016768, 'CC': 7.770732190692797e-05, 'CE': 0.0002012240292970091, 'O': 0.0001973365287994966}"
1,02,221,IVNGKISTLGEYPFMVGIMRGRNVFCGGSLLDANHVLTAAHCDLLQLTIVMGAVDINDSKKVTRHVKSVIRHRQFDNRKLRNDIALLTLDSPVEFTNVVSPVCLHDDVTKDYVGKDVITAGWGRTYYKGPKSPVLQKVTLKLKSLDDCRRNLGVQSPGGVPDHYICAWAPNRDSCAGDSGGPLMLADDGCQIGIVSWGIGCATNTYGVYTRISSFRDWIEK,"{'input_ids': [9, 6, 15, 5, 10, 9, 8, 13, 3, 5, 7, 18, 14, 17, 19, 6, 5, 9, 19, 11, 5, 11, 15, 6, 17, 21, 5, 5, 8, 3, 3, 12, 4, 15, 20, 6, 3, 13, 4, 4, 20, 21, 12, 3, 3, 16, 3, 13, 9, 6, 19, 5, 4, 6, 12, 9, 15, 12, 8, 10, 10, 6, 13, 11, 20, 6, 10, 8, 6, 9, 11, 20, 11, 16, 17, 12, 15, 11, 10, 3, 11, 15, 12, 9, 4, 3, 3, 13, 3, 12, 8, 14, 6, 7, 17, 13, 15, 6, 6, 8, 14, 6, 21, 3, 20, 12, 12, 6, 13, 10, 12, 18, 6, 5, 10, 12, 6, 9, 13, 4, 5, 22, 5, 11, 13, 18, 18, 10, 5, 14, 10, 8, 14, 6, 3, 16, 10, 6, 13, 3, 10, 3, 10, 8, 3, 12, 12, 21, 11, 11, 15, 3, 5, 6, 16, 8, 14, 5, 5, 6, 14, 12, 20, 18, 9, 21, 4, 22, 4, 14, 15, 11, 12, 8, 21, 4, 5, 12, 8, 5, 5, 14, 3, 19, 3, 4, 12, 12, 5, 21, 16, 9, 5, 9, 6, 8, 22, 5, 9, 5, 21, 4, 13, 15, 13, 18, 5, 6, 18, 13, 11, 9, 8, 8, 17, 11, 12, 22, 9, 7, 10, 2, 1, 1, 1, 1, 1, 1, 1, 1, 1, 1, 1, 1, 1, 1, 1, 1, 1, 1, 1, 1, 1, 1, 1, 1, 1, 1, 1, 1, 1, 1, 1, 1, 1, 1, 1, 1, 1, 1, 1, 1, 1, 1, 1, 1, 1, 1, 1, 1, 1, 1, 1, 1, 1, 1, 1], 'token_type_ids': [0, 0, 0, 0, 0, 0, 0, 0, 0, 0, 0, 0, 0, 0, 0, 0, 0, 0, 0, 0, 0, 0, 0, 0, 0, 0, 0, 0, 0, 0, 0, 0, 0, 0, 0, 0, 0, 0, 0, 0, 0, 0, 0, 0, 0, 0, 0, 0, 0, 0, 0, 0, 0, 0, 0, 0, 0, 0, 0, 0, 0, 0, 0, 0, 0, 0, 0, 0, 0, 0, 0, 0, 0, 0, 0, 0, 0, 0, 0, 0, 0, 0, 0, 0, 0, 0, 0, 0, 0, 0, 0, 0, 0, 0, 0, 0, 0, 0, 0, 0, 0, 0, 0, 0, 0, 0, 0, 0, 0, 0, 0, 0, 0, 0, 0, 0, 0, 0, 0, 0, 0, 0, 0, 0, 0, 0, 0, 0, 0, 0, 0, 0, 0, 0, 0, 0, 0, 0, 0, 0, 0, 0, 0, 0, 0, 0, 0, 0, 0, 0, 0, 0, 0, 0, 0, 0, 0, 0, 0, 0, 0, 0, 0, 0, 0, 0, 0, 0, 0, 0, 0, 0, 0, 0, 0, 0, 0, 0, 0, 0, 0, 0, 0, 0, 0, 0, 0, 0, 0, 0, 0, 0, 0, 0, 0, 0, 0, 0, 0, 0, 0, 0, 0, 0, 0, 0, 0, 0, 0, 0, 0, 0, 0, 0, 0, 0, 0, 0, 0, 0, 0, 0, 0, 0, 0, 0, 0, 0, 0, 0, 0, 0, 0, 0, 0, 0, 0, 0, 0, 0, 0, 0, 0, 0, 0, 0, 0, 0, 0, 0, 0, 0, 0, 0, 0, 0, 0, 0, 0, 0, 0, 0, 0, 0, 0, 0, 0, 0, 0, 0, 0, 0, 0, 0, 0, 0, 0], 'attention_mask': [1, 1, 1, 1, 1, 1, 1, 1, 1, 1, 1, 1, 1, 1, 1, 1, 1, 1, 1, 1, 1, 1, 1, 1, 1, 1, 1, 1, 1, 1, 1, 1, 1, 1, 1, 1, 1, 1, 1, 1, 1, 1, 1, 1, 1, 1, 1, 1, 1, 1, 1, 1, 1, 1, 1, 1, 1, 1, 1, 1, 1, 1, 1, 1, 1, 1, 1, 1, 1, 1, 1, 1, 1, 1, 1, 1, 1, 1, 1, 1, 1, 1, 1, 1, 1, 1, 1, 1, 1, 1, 1, 1, 1, 1, 1, 1, 1, 1, 1, 1, 1, 1, 1, 1, 1, 1, 1, 1, 1, 1, 1, 1, 1, 1, 1, 1, 1, 1, 1, 1, 1, 1, 1, 1, 1, 1, 1, 1, 1, 1, 1, 1, 1, 1, 1, 1, 1, 1, 1, 1, 1, 1, 1, 1, 1, 1, 1, 1, 1, 1, 1, 1, 1, 1, 1, 1, 1, 1, 1, 1, 1, 1, 1, 1, 1, 1, 1, 1, 1, 1, 1, 1, 1, 1, 1, 1, 1, 1, 1, 1, 1, 1, 1, 1, 1, 1, 1, 1, 1, 1, 1, 1, 1, 1, 1, 1, 1, 1, 1, 1, 1, 1, 1, 1, 1, 1, 1, 1, 1, 1, 1, 1, 1, 1, 1, 1, 1, 1, 1, 1, 1, 1, 0, 0, 0, 0, 0, 0, 0, 0, 0, 0, 0, 0, 0, 0, 0, 0, 0, 0, 0, 0, 0, 0, 0, 0, 0, 0, 0, 0, 0, 0, 0, 0, 0, 0, 0, 0, 0, 0, 0, 0, 0, 0, 0, 0, 0, 0, 0, 0, 0, 0, 0, 0, 0, 0, 0]}",A,"{'A': 0.9957470297813416, 'IA': 0.0001854265428846702, 'T': 0.00017305872461292893, 'AV': 0.0002613407850731164, 'AC': 0.00014019828813616186, 'P': 0.0001982713001780212, 'A***8': 0.00033468162291683257, 'A)': 0.00011914234346477315, 'LL': 0.00010961074440274388, 'II': 7.563686085632071e-05, 'M': 6.939160812180489e-05, 'AD': 0.00037916601286269724, 'ADD': 0.00020889981533400714, 'PT': 0.00016184810374397784, 'ttttt': 0.00024341735115740448, 'G': 0.00015437645197380334, 'F': 0.0002603926695883274, 'AA': 0.00015197103493846953, 'B': 0.0001614297361811623, 'U': 3.778747850446962e-05, 'C': 0.00027010220219381154, 'HHHH': 8.162725862348452e-05, 'D': 8.419444930041209e-05, 'L': 5.6687593314563856e-05, 'CC': 8.001486276043579e-05, 'CE': 0.00012779133976437151, 'O': 0.000126763858133927}"
2,03,135,LVYLKSHFNPCVGVLIKSNWVLAPAHCYLPNLKVMLGNLRIRIRDGTEQTINPIQIIRYWNHSHSAPQDDLMLIRLAKPAILNEKVQPIALATSTVKPGTICMLSGLDWSQNNNGRHPDLRQNLEAPVMSDTACQ,"{'input_ids': [3, 6, 18, 3, 10, 8, 20, 17, 15, 14, 21, 6, 5, 6, 3, 9, 10, 8, 15, 22, 6, 3, 4, 14, 4, 20, 21, 18, 3, 14, 15, 3, 10, 6, 19, 3, 5, 15, 3, 11, 9, 11, 9, 11, 12, 5, 13, 7, 16, 13, 9, 15, 14, 9, 16, 9, 9, 11, 18, 22, 15, 20, 8, 20, 8, 4, 14, 16, 12, 12, 3, 19, 3, 9, 11, 3, 4, 10, 14, 4, 9, 3, 15, 7, 10, 6, 16, 14, 9, 4, 3, 4, 13, 8, 13, 6, 10, 14, 5, 13, 9, 21, 19, 3, 8, 5, 3, 12, 22, 8, 16, 15, 15, 15, 5, 11, 20, 14, 12, 3, 11, 16, 15, 3, 7, 4, 14, 6, 19, 8, 12, 13, 4, 21, 16, 2, 1, 1, 1, 1, 1, 1, 1, 1, 1, 1, 1, 1, 1, 1, 1, 1, 1, 1, 1, 1, 1, 1, 1, 1, 1, 1, 1, 1, 1, 1, 1, 1, 1, 1, 1, 1, 1, 1, 1, 1, 1, 1, 1, 1, 1, 1, 1, 1, 1, 1, 1, 1, 1, 1, 1, 1, 1, 1, 1, 1, 1, 1, 1, 1, 1, 1, 1, 1, 1, 1, 1, 1, 1, 1, 1, 1, 1, 1, 1, 1, 1, 1, 1, 1, 1, 1, 1, 1, 1, 1, 1, 1, 1, 1, 1, 1, 1, 1, 1, 1, 1, 1, 1, 1, 1, 1, 1, 1, 1, 1, 1, 1, 1, 1, 1, 1, 1, 1, 1, 1, 1, 1, 1, 1, 1, 1, 1, 1, 1, 1, 1, 1, 1, 1, 1, 1, 1, 1, 1, 1, 1], 'token_type_ids': [0, 0, 0, 0, 0, 0, 0, 0, 0, 0, 0, 0, 0, 0, 0, 0, 0, 0, 0, 0, 0, 0, 0, 0, 0, 0, 0, 0, 0, 0, 0, 0, 0, 0, 0, 0, 0, 0, 0, 0, 0, 0, 0, 0, 0, 0, 0, 0, 0, 0, 0, 0, 0, 0, 0, 0, 0, 0, 0, 0, 0, 0, 0, 0, 0, 0, 0, 0, 0, 0, 0, 0, 0, 0, 0, 0, 0, 0, 0, 0, 0, 0, 0, 0, 0, 0, 0, 0, 0, 0, 0, 0, 0, 0, 0, 0, 0, 0, 0, 0, 0, 0, 0, 0, 0, 0, 0, 0, 0, 0, 0, 0, 0, 0, 0, 0, 0, 0, 0, 0, 0, 0, 0, 0, 0, 0, 0, 0, 0, 0, 0, 0, 0, 0, 0, 0, 0, 0, 0, 0, 0, 0, 0, 0, 0, 0, 0, 0, 0, 0, 0, 0, 0, 0, 0, 0, 0, 0, 0, 0, 0, 0, 0, 0, 0, 0, 0, 0, 0, 0, 0, 0, 0, 0, 0, 0, 0, 0, 0, 0, 0, 0, 0, 0, 0, 0, 0, 0, 0, 0, 0, 0, 0, 0, 0, 0, 0, 0, 0, 0, 0, 0, 0, 0, 0, 0, 0, 0, 0, 0, 0, 0, 0, 0, 0, 0, 0, 0, 0, 0, 0, 0, 0, 0, 0, 0, 0, 0, 0, 0, 0, 0, 0, 0, 0, 0, 0, 0, 0, 0, 0, 0, 0, 0, 0, 0, 0, 0, 0, 0, 0, 0, 0, 0, 0, 0, 0, 0, 0, 0, 0, 0, 0, 0, 0, 0, 0, 0, 0, 0, 0, 0, 0, 0, 0, 0, 0], 'attention_mask': [1, 1, 1, 1, 1, 1, 1, 1, 1, 1, 1, 1, 1, 1, 1, 1, 1, 1, 1, 1, 1, 1, 1, 1, 1, 1, 1, 1, 1, 1, 1, 1, 1, 1, 1, 1, 1, 1, 1, 1, 1, 1, 1, 1, 1, 1, 1, 1, 1, 1, 1, 1, 1, 1, 1, 1, 1, 1, 1, 1, 1, 1, 1, 1, 1, 1, 1, 1, 1, 1, 1, 1, 1, 1, 1, 1, 1, 1, 1, 1, 1, 1, 1, 1, 1, 1, 1, 1, 1, 1, 1, 1, 1, 1, 1, 1, 1, 1, 1, 1, 1, 1, 1, 1, 1, 1, 1, 1, 1, 1, 1, 1, 1, 1, 1, 1, 1, 1, 1, 1, 1, 1, 1, 1, 1, 1, 1, 1, 1, 1, 1, 1, 1, 1, 1, 1, 0, 0, 0, 0, 0, 0, 0, 0, 0, 0, 0, 0, 0, 0, 0, 0, 0, 0, 0, 0, 0, 0, 0, 0, 0, 0, 0, 0, 0, 0, 0, 0, 0, 0, 0, 0, 0, 0, 0, 0, 0, 0, 0, 0, 0, 0, 0, 0, 0, 0, 0, 0, 0, 0, 0, 0, 0, 0, 0, 0, 0, 0, 0, 0, 0, 0, 0, 0, 0, 0, 0, 0, 0, 0, 0, 0, 0, 0, 0, 0, 0, 0, 0, 0, 0, 0, 0, 0, 0, 0, 0, 0, 0, 0, 0, 0, 0, 0, 0, 0, 0, 0, 0, 0, 0, 0, 0, 0, 0, 0, 0, 0, 0, 0, 0, 0, 0, 0, 0, 0, 0, 0, 0, 0, 0, 0, 0, 0, 0, 0, 0, 0, 0, 0, 0, 0, 0, 0, 0, 0, 0]}",A,"{'A': 0.9954786896705627, 'IA': 0.00019508729747030884, 'T': 0.00016641408728901297, 'AV': 0.0002394765760982409, 'AC': 0.00012833952496293932, 'P': 0.00024501909501850605, 'A***8': 0.00034173057065345347, 'A)': 0.00014870474115014076, 'LL': 0.0001166517031379044, 'II': 8.844441617839038e-05, 'M': 7.101810479070991e-05, 'AD': 0.00034636486088857055, 'ADD': 0.00023851246805861592, 'PT': 0.00015847965551074594, 'ttttt': 0.00029014828032813966, 'G': 0.0001764232583809644, 'F': 0.0002927085442934185, 'AA': 0.00013733634841628373, 'B': 0.00018231975263915956, 'U': 3.867728810291737e-05, 'C': 0.00033438997343182564, 'HHHH': 8.403557148994878e-05, 'D': 8.904786227503791e-05, 'L': 7.14241323294118e-05, 'CC': 7.653437933186069e-05, 'CE': 0.0001295135880354792, 'O': 0.0001344541524304077}"
3,04,277,GTGFINDKNNGYIITNTHVVGGASIGTYFVTFYNGEQAEAKLIYYDIWQDYAVLKVESKDIPASATQISFASELPKLNQKVFVVGNTEAKGFSFHTGYLSDLYNIEGLMPQCTYVINLNTTGGASGSPVLNDKIEAIGVLYGGGKTHSLALHGDYVVRTLESLKNNKQPGRKHIGIISELYSLNKAVRHHNFPKEEMDKYIKKFPDSRNRVISVQAVLAGSPAAKSLKAGDIIWAVNDKELGGNLALFDREMDNFKGIAIKLTIFRDGKKLEQAVDL,"{'input_ids': [5, 13, 5, 17, 9, 15, 12, 10, 15, 15, 5, 18, 9, 9, 13, 15, 13, 20, 6, 6, 5, 5, 4, 8, 9, 5, 13, 18, 17, 6, 13, 17, 18, 15, 5, 7, 16, 4, 7, 4, 10, 3, 9, 18, 18, 12, 9, 22, 16, 12, 18, 4, 6, 3, 10, 6, 7, 8, 10, 12, 9, 14, 4, 8, 4, 13, 16, 9, 8, 17, 4, 8, 7, 3, 14, 10, 3, 15, 16, 10, 6, 17, 6, 6, 5, 15, 13, 7, 4, 10, 5, 17, 8, 17, 20, 13, 5, 18, 3, 8, 12, 3, 18, 15, 9, 7, 5, 3, 19, 14, 16, 21, 13, 18, 6, 9, 15, 3, 15, 13, 13, 5, 5, 4, 8, 5, 8, 14, 6, 3, 15, 12, 10, 9, 7, 4, 9, 5, 6, 3, 18, 5, 5, 5, 10, 13, 20, 8, 3, 4, 3, 20, 5, 12, 18, 6, 6, 11, 13, 3, 7, 8, 3, 10, 15, 15, 10, 16, 14, 5, 11, 10, 20, 9, 5, 9, 9, 8, 7, 3, 18, 8, 3, 15, 10, 4, 6, 11, 20, 20, 15, 17, 14, 10, 7, 7, 19, 12, 10, 18, 9, 10, 10, 17, 14, 12, 8, 11, 15, 11, 6, 9, 8, 6, 16, 4, 6, 3, 4, 5, 8, 14, 4, 4, 10, 8, 3, 10, 4, 5, 12, 9, 9, 22, 4, 6, 15, 12, 10, 7, 3, 5, 5, 15, 3, 4, 3, 17, 12, 11, 7, 19, 12, 15, 17, 10, 5, 9, 4, 9, 10, 3, 13, 9, 17, 11, 12, 5, 10, 10, 3, 7, 16, 4, 6, 12, 2], 'token_type_ids': [0, 0, 0, 0, 0, 0, 0, 0, 0, 0, 0, 0, 0, 0, 0, 0, 0, 0, 0, 0, 0, 0, 0, 0, 0, 0, 0, 0, 0, 0, 0, 0, 0, 0, 0, 0, 0, 0, 0, 0, 0, 0, 0, 0, 0, 0, 0, 0, 0, 0, 0, 0, 0, 0, 0, 0, 0, 0, 0, 0, 0, 0, 0, 0, 0, 0, 0, 0, 0, 0, 0, 0, 0, 0, 0, 0, 0, 0, 0, 0, 0, 0, 0, 0, 0, 0, 0, 0, 0, 0, 0, 0, 0, 0, 0, 0, 0, 0, 0, 0, 0, 0, 0, 0, 0, 0, 0, 0, 0, 0, 0, 0, 0, 0, 0, 0, 0, 0, 0, 0, 0, 0, 0, 0, 0, 0, 0, 0, 0, 0, 0, 0, 0, 0, 0, 0, 0, 0, 0, 0, 0, 0, 0, 0, 0, 0, 0, 0, 0, 0, 0, 0, 0, 0, 0, 0, 0, 0, 0, 0, 0, 0, 0, 0, 0, 0, 0, 0, 0, 0, 0, 0, 0, 0, 0, 0, 0, 0, 0, 0, 0, 0, 0, 0, 0, 0, 0, 0, 0, 0, 0, 0, 0, 0, 0, 0, 0, 0, 0, 0, 0, 0, 0, 0, 0, 0, 0, 0, 0, 0, 0, 0, 0, 0, 0, 0, 0, 0, 0, 0, 0, 0, 0, 0, 0, 0, 0, 0, 0, 0, 0, 0, 0, 0, 0, 0, 0, 0, 0, 0, 0, 0, 0, 0, 0, 0, 0, 0, 0, 0, 0, 0, 0, 0, 0, 0, 0, 0, 0, 0, 0, 0, 0, 0, 0, 0, 0, 0, 0, 0, 0, 0, 0, 0, 0, 0, 0], 'attention_mask': [1, 1, 1, 1, 1, 1, 1, 1, 1, 1, 1, 1, 1, 1, 1, 1, 1, 1, 1, 1, 1, 1, 1, 1, 1, 1, 1, 1, 1, 1, 1, 1, 1, 1, 1, 1, 1, 1, 1, 1, 1, 1, 1, 1, 1, 1, 1, 1, 1, 1, 1, 1, 1, 1, 1, 1, 1, 1, 1, 1, 1, 1, 1, 1, 1, 1, 1, 1, 1, 1, 1, 1, 1, 1, 1, 1, 1, 1, 1, 1, 1, 1, 1, 1, 1, 1, 1, 1, 1, 1, 1, 1, 1, 1, 1, 1, 1, 1, 1, 1, 1, 1, 1, 1, 1, 1, 1, 1, 1, 1, 1, 1, 1, 1, 1, 1, 1, 1, 1, 1, 1, 1, 1, 1, 1, 1, 1, 1, 1, 1, 1, 1, 1, 1, 1, 1, 1, 1, 1, 1, 1, 1, 1, 1, 1, 1, 1, 1, 1, 1, 1, 1, 1, 1, 1, 1, 1, 1, 1, 1, 1, 1, 1, 1, 1, 1, 1, 1, 1, 1, 1, 1, 1, 1, 1, 1, 1, 1, 1, 1, 1, 1, 1, 1, 1, 1, 1, 1, 1, 1, 1, 1, 1, 1, 1, 1, 1, 1, 1, 1, 1, 1, 1, 1, 1, 1, 1, 1, 1, 1, 1, 1, 1, 1, 1, 1, 1, 1, 1, 1, 1, 1, 1, 1, 1, 1, 1, 1, 1, 1, 1, 1, 1, 1, 1, 1, 1, 1, 1, 1, 1, 1, 1, 1, 1, 1, 1, 1, 1, 1, 1, 1, 1, 1, 1, 1, 1, 1, 1, 1, 1, 1, 1, 1, 1, 1, 1, 1, 1, 1, 1, 1, 1, 1, 1, 1, 1]}",C,"{'A': 0.0018920483998954296, 'IA': 0.00020910086459480226, 'T': 0.00038152033812366426, 'AV': 0.0003527007647790015, 'AC': 0.0007422178750857711, 'P': 0.001223937375470996, 'A***8': 0.000504154886584729, 'A)': 0.0001754720724420622, 'LL': 0.00018360295507591218, 'II': 0.0003788149624597281, 'M': 0.00022345938486978412, 'AD': 0.0002497402601875365, 'ADD': 0.00042235307046212256, 'PT': 0.00018523189646657556, 'ttttt': 0.00026076636277139187, 'G': 0.00020591579959727824, 'F': 0.00015693313616793603, 'AA': 0.0002635848941281438, 'B': 0.0062863752245903015, 'U': 0.0004310238582547754, 'C': 0.9813342690467834, 'HHHH': 0.00030847423477098346, 'D': 0.0010300184367224574, 'L': 0.00041630782652646303, 'CC': 0.000179984635906294, 'CE': 0.0014378111809492111, 'O': 0.0005642423639073968}"
4,05,201,GSAFFISKDGYLLTNHHVIENASRISITLNDRREIDATVVGSDERTDVALLKVNGTNYPALRVGNVDRLRVGEPVLAIGSPFGFDYSASAGIVSAKSRNMSGETSVPFIQTDVALNPGNSGGPLFNQNGEVVGVNSRIFSGTGGYMGLSFSIPIDVAMDVADQLKTKGKVTRSYLGVMMQDIDRNLADAYKLPKPEGALIT,"{'input_ids': [5, 8, 4, 17, 17, 9, 8, 10, 12, 5, 18, 3, 3, 13, 15, 20, 20, 6, 9, 7, 15, 4, 8, 11, 9, 8, 9, 13, 3, 15, 12, 11, 11, 7, 9, 12, 4, 13, 6, 6, 5, 8, 12, 7, 11, 13, 12, 6, 4, 3, 3, 10, 6, 15, 5, 13, 15, 18, 14, 4, 3, 11, 6, 5, 15, 6, 12, 11, 3, 11, 6, 5, 7, 14, 6, 3, 4, 9, 5, 8, 14, 17, 5, 17, 12, 18, 8, 4, 8, 4, 5, 9, 6, 8, 4, 10, 8, 11, 15, 19, 8, 5, 7, 13, 8, 6, 14, 17, 9, 16, 13, 12, 6, 4, 3, 15, 14, 5, 15, 8, 5, 5, 14, 3, 17, 15, 16, 15, 5, 7, 6, 6, 5, 6, 15, 8, 11, 9, 17, 8, 5, 13, 5, 5, 18, 19, 5, 3, 8, 17, 8, 9, 14, 9, 12, 6, 4, 19, 12, 6, 4, 12, 16, 3, 10, 13, 10, 5, 10, 6, 13, 11, 8, 18, 3, 5, 6, 19, 19, 16, 12, 9, 12, 11, 15, 3, 4, 12, 4, 18, 10, 3, 14, 10, 14, 7, 5, 4, 3, 9, 13, 2, 1, 1, 1, 1, 1, 1, 1, 1, 1, 1, 1, 1, 1, 1, 1, 1, 1, 1, 1, 1, 1, 1, 1, 1, 1, 1, 1, 1, 1, 1, 1, 1, 1, 1, 1, 1, 1, 1, 1, 1, 1, 1, 1, 1, 1, 1, 1, 1, 1, 1, 1, 1, 1, 1, 1, 1, 1, 1, 1, 1, 1, 1, 1, 1, 1, 1, 1, 1, 1, 1, 1, 1, 1, 1, 1], 'token_type_ids': [0, 0, 0, 0, 0, 0, 0, 0, 0, 0, 0, 0, 0, 0, 0, 0, 0, 0, 0, 0, 0, 0, 0, 0, 0, 0, 0, 0, 0, 0, 0, 0, 0, 0, 0, 0, 0, 0, 0, 0, 0, 0, 0, 0, 0, 0, 0, 0, 0, 0, 0, 0, 0, 0, 0, 0, 0, 0, 0, 0, 0, 0, 0, 0, 0, 0, 0, 0, 0, 0, 0, 0, 0, 0, 0, 0, 0, 0, 0, 0, 0, 0, 0, 0, 0, 0, 0, 0, 0, 0, 0, 0, 0, 0, 0, 0, 0, 0, 0, 0, 0, 0, 0, 0, 0, 0, 0, 0, 0, 0, 0, 0, 0, 0, 0, 0, 0, 0, 0, 0, 0, 0, 0, 0, 0, 0, 0, 0, 0, 0, 0, 0, 0, 0, 0, 0, 0, 0, 0, 0, 0, 0, 0, 0, 0, 0, 0, 0, 0, 0, 0, 0, 0, 0, 0, 0, 0, 0, 0, 0, 0, 0, 0, 0, 0, 0, 0, 0, 0, 0, 0, 0, 0, 0, 0, 0, 0, 0, 0, 0, 0, 0, 0, 0, 0, 0, 0, 0, 0, 0, 0, 0, 0, 0, 0, 0, 0, 0, 0, 0, 0, 0, 0, 0, 0, 0, 0, 0, 0, 0, 0, 0, 0, 0, 0, 0, 0, 0, 0, 0, 0, 0, 0, 0, 0, 0, 0, 0, 0, 0, 0, 0, 0, 0, 0, 0, 0, 0, 0, 0, 0, 0, 0, 0, 0, 0, 0, 0, 0, 0, 0, 0, 0, 0, 0, 0, 0, 0, 0, 0, 0, 0, 0, 0, 0, 0, 0, 0, 0, 0, 0, 0, 0, 0, 0, 0, 0], 'attention_mask': [1, 1, 1, 1, 1, 1, 1, 1, 1, 1, 1, 1, 1, 1, 1, 1, 1, 1, 1, 1, 1, 1, 1, 1, 1, 1, 1, 1, 1, 1, 1, 1, 1, 1, 1, 1, 1, 1, 1, 1, 1, 1, 1, 1, 1, 1, 1, 1, 1, 1, 1, 1, 1, 1, 1, 1, 1, 1, 1, 1, 1, 1, 1, 1, 1, 1, 1, 1, 1, 1, 1, 1, 1, 1, 1, 1, 1, 1, 1, 1, 1, 1, 1, 1, 1, 1, 1, 1, 1, 1, 1, 1, 1, 1, 1, 1, 1, 1, 1, 1, 1, 1, 1, 1, 1, 1, 1, 1, 1, 1, 1, 1, 1, 1, 1, 1, 1, 1, 1, 1, 1, 1, 1, 1, 1, 1, 1, 1, 1, 1, 1, 1, 1, 1, 1, 1, 1, 1, 1, 1, 1, 1, 1, 1, 1, 1, 1, 1, 1, 1, 1, 1, 1, 1, 1, 1, 1, 1, 1, 1, 1, 1, 1, 1, 1, 1, 1, 1, 1, 1, 1, 1, 1, 1, 1, 1, 1, 1, 1, 1, 1, 1, 1, 1, 1, 1, 1, 1, 1, 1, 1, 1, 1, 1, 1, 1, 1, 1, 1, 1, 1, 1, 0, 0, 0, 0, 0, 0, 0, 0, 0, 0, 0, 0, 0, 0, 0, 0, 0, 0, 0, 0, 0, 0, 0, 0, 0, 0, 0, 0, 0, 0, 0, 0, 0, 0, 0, 0, 0, 0, 0, 0, 0, 0, 0, 0, 0, 0, 0, 0, 0, 0, 0, 0, 0, 0, 0, 0, 0, 0, 0, 0, 0, 0, 0, 0, 0, 0, 0, 0, 0, 0, 0, 0, 0, 0, 0]}",B,"{'A': 0.0005516700330190361, 'IA': 6.974035932216793e-05, 'T': 0.00015758480003569275, 'AV': 0.00010999282676493749, 'AC': 0.00010156678763451055, 'P': 0.0003190019924659282, 'A***8': 8.914560748962685e-05, 'A)': 0.00011707458179444075, 'LL': 0.00010802504402818158, 'II': 0.0001177548328996636, 'M': 7.202891720226035e-05, 'AD': 6.788110476918519e-05, 'ADD': 0.00011995097884209827, 'PT': 3.265963459853083e-05, 'ttttt': 3.859197022393346e-05, 'G': 9.929824591381475e-05, 'F': 0.00013128160207998008, 'AA': 6.891076918691397e-05, 'B': 0.9849337935447693, 'U': 8.726294618099928e-05, 'C': 0.011319028213620186, 'HHHH': 0.0001756716810632497, 'D': 0.00025603114045225084, 'L': 0.0002603816974442452, 'CC': 0.00011245602945564315, 'CE': 0.00034642068203538656, 'O': 0.00013675702211912721}"
5,06,138,SGFVSAPDYVVTNAHVVAGTERVRLDTVLGVKDATVVYYNPDIDIAVLHSPGLELPVLPWATEAGDSGDDALVMGFPDSGPFEASPARIRDQITIAGPDIYASGRVEREAYIVRGSIRQGNSGGPLVNTDGNVLGMVF,"{'input_ids': [8, 5, 17, 6, 8, 4, 14, 12, 18, 6, 6, 13, 15, 4, 20, 6, 6, 4, 5, 13, 7, 11, 6, 11, 3, 12, 13, 6, 3, 5, 6, 10, 12, 4, 13, 6, 6, 18, 18, 15, 14, 12, 9, 12, 9, 4, 6, 3, 20, 8, 14, 5, 3, 7, 3, 14, 6, 3, 14, 22, 4, 13, 7, 4, 5, 12, 8, 5, 12, 12, 4, 3, 6, 19, 5, 17, 14, 12, 8, 5, 14, 17, 7, 4, 8, 14, 4, 11, 9, 11, 12, 16, 9, 13, 9, 4, 5, 14, 12, 9, 18, 4, 8, 5, 11, 6, 7, 11, 7, 4, 18, 9, 6, 11, 5, 8, 9, 11, 16, 5, 15, 8, 5, 5, 14, 3, 6, 15, 13, 12, 5, 15, 6, 3, 5, 19, 6, 17, 2, 1, 1, 1, 1, 1, 1, 1, 1, 1, 1, 1, 1, 1, 1, 1, 1, 1, 1, 1, 1, 1, 1, 1, 1, 1, 1, 1, 1, 1, 1, 1, 1, 1, 1, 1, 1, 1, 1, 1, 1, 1, 1, 1, 1, 1, 1, 1, 1, 1, 1, 1, 1, 1, 1, 1, 1, 1, 1, 1, 1, 1, 1, 1, 1, 1, 1, 1, 1, 1, 1, 1, 1, 1, 1, 1, 1, 1, 1, 1, 1, 1, 1, 1, 1, 1, 1, 1, 1, 1, 1, 1, 1, 1, 1, 1, 1, 1, 1, 1, 1, 1, 1, 1, 1, 1, 1, 1, 1, 1, 1, 1, 1, 1, 1, 1, 1, 1, 1, 1, 1, 1, 1, 1, 1, 1, 1, 1, 1, 1, 1, 1, 1, 1, 1, 1, 1, 1, 1], 'token_type_ids': [0, 0, 0, 0, 0, 0, 0, 0, 0, 0, 0, 0, 0, 0, 0, 0, 0, 0, 0, 0, 0, 0, 0, 0, 0, 0, 0, 0, 0, 0, 0, 0, 0, 0, 0, 0, 0, 0, 0, 0, 0, 0, 0, 0, 0, 0, 0, 0, 0, 0, 0, 0, 0, 0, 0, 0, 0, 0, 0, 0, 0, 0, 0, 0, 0, 0, 0, 0, 0, 0, 0, 0, 0, 0, 0, 0, 0, 0, 0, 0, 0, 0, 0, 0, 0, 0, 0, 0, 0, 0, 0, 0, 0, 0, 0, 0, 0, 0, 0, 0, 0, 0, 0, 0, 0, 0, 0, 0, 0, 0, 0, 0, 0, 0, 0, 0, 0, 0, 0, 0, 0, 0, 0, 0, 0, 0, 0, 0, 0, 0, 0, 0, 0, 0, 0, 0, 0, 0, 0, 0, 0, 0, 0, 0, 0, 0, 0, 0, 0, 0, 0, 0, 0, 0, 0, 0, 0, 0, 0, 0, 0, 0, 0, 0, 0, 0, 0, 0, 0, 0, 0, 0, 0, 0, 0, 0, 0, 0, 0, 0, 0, 0, 0, 0, 0, 0, 0, 0, 0, 0, 0, 0, 0, 0, 0, 0, 0, 0, 0, 0, 0, 0, 0, 0, 0, 0, 0, 0, 0, 0, 0, 0, 0, 0, 0, 0, 0, 0, 0, 0, 0, 0, 0, 0, 0, 0, 0, 0, 0, 0, 0, 0, 0, 0, 0, 0, 0, 0, 0, 0, 0, 0, 0, 0, 0, 0, 0, 0, 0, 0, 0, 0, 0, 0, 0, 0, 0, 0, 0, 0, 0, 0, 0, 0, 0, 0, 0, 0, 0, 0, 0, 0, 0, 0, 0, 0, 0], 'attention_mask': [1, 1, 1, 1, 1, 1, 1, 1, 1, 1, 1, 1, 1, 1, 1, 1, 1, 1, 1, 1, 1, 1, 1, 1, 1, 1, 1, 1, 1, 1, 1, 1, 1, 1, 1, 1, 1, 1, 1, 1, 1, 1, 1, 1, 1, 1, 1, 1, 1, 1, 1, 1, 1, 1, 1, 1, 1, 1, 1, 1, 1, 1, 1, 1, 1, 1, 1, 1, 1, 1, 1, 1, 1, 1, 1, 1, 1, 1, 1, 1, 1, 1, 1, 1, 1, 1, 1, 1, 1, 1, 1, 1, 1, 1, 1, 1, 1, 1, 1, 1, 1, 1, 1, 1, 1, 1, 1, 1, 1, 1, 1, 1, 1, 1, 1, 1, 1, 1, 1, 1, 1, 1, 1, 1, 1, 1, 1, 1, 1, 1, 1, 1, 1, 1, 1, 1, 1, 1, 1, 0, 0, 0, 0, 0, 0, 0, 0, 0, 0, 0, 0, 0, 0, 0, 0, 0, 0, 0, 0, 0, 0, 0, 0, 0, 0, 0, 0, 0, 0, 0, 0, 0, 0, 0, 0, 0, 0, 0, 0, 0, 0, 0, 0, 0, 0, 0, 0, 0, 0, 0, 0, 0, 0, 0, 0, 0, 0, 0, 0, 0, 0, 0, 0, 0, 0, 0, 0, 0, 0, 0, 0, 0, 0, 0, 0, 0, 0, 0, 0, 0, 0, 0, 0, 0, 0, 0, 0, 0, 0, 0, 0, 0, 0, 0, 0, 0, 0, 0, 0, 0, 0, 0, 0, 0, 0, 0, 0, 0, 0, 0, 0, 0, 0, 0, 0, 0, 0, 0, 0, 0, 0, 0, 0, 0, 0, 0, 0, 0, 0, 0, 0, 0, 0, 0, 0, 0, 0]}",B,"{'A': 0.22986610233783722, 'IA': 0.0035657368134707212, 'T': 0.0017465564887970686, 'AV': 0.004387972876429558, 'AC': 0.0024683489464223385, 'P': 0.0021200573537498713, 'A***8': 0.0025810671504586935, 'A)': 0.0018397303065285087, 'LL': 0.0007621249533258379, 'II': 0.0015563361812382936, 'M': 0.0007571761379949749, 'AD': 0.0014556378591805696, 'ADD': 0.0014583953889086843, 'PT': 0.0005565194878727198, 'ttttt': 0.0018191926646977663, 'G': 0.0015848285984247923, 'F': 0.0021385494619607925, 'AA': 0.0016438351012766361, 'B': 0.5086314082145691, 'U': 0.0006755025242455304, 'C': 0.21685467660427094, 'HHHH': 0.0010762772290036082, 'D': 0.0020374611485749483, 'L': 0.001996717881411314, 'CC': 0.002630481030791998, 'CE': 0.0026287154760211706, 'O': 0.0011605434119701385}"
6,07,199,GTGFFITKDGYVLTNHHVVKDSDRITVTLNDRTEMDAILVGSDEASDIAVLKVEGKNFPALTMSRNELRVGEPVLAIGSPFGFDYSASAGIVSAKSRSMTPEATVPFIQSDVALNQGNSGGPLFNKRGEVVGVNSHIFSDTGGYMGLSFSIPIDTALHIYEQIKATGRVRRAAMGLVVQDVDRNLAEVYGLSRPQGALL,"{'input_ids': [5, 13, 5, 17, 17, 9, 13, 10, 12, 5, 18, 6, 3, 13, 15, 20, 20, 6, 6, 10, 12, 8, 12, 11, 9, 13, 6, 13, 3, 15, 12, 11, 13, 7, 19, 12, 4, 9, 3, 6, 5, 8, 12, 7, 4, 8, 12, 9, 4, 6, 3, 10, 6, 7, 5, 10, 15, 17, 14, 4, 3, 13, 19, 8, 11, 15, 7, 3, 11, 6, 5, 7, 14, 6, 3, 4, 9, 5, 8, 14, 17, 5, 17, 12, 18, 8, 4, 8, 4, 5, 9, 6, 8, 4, 10, 8, 11, 8, 19, 13, 14, 7, 4, 13, 6, 14, 17, 9, 16, 8, 12, 6, 4, 3, 15, 16, 5, 15, 8, 5, 5, 14, 3, 17, 15, 10, 11, 5, 7, 6, 6, 5, 6, 15, 8, 20, 9, 17, 8, 12, 13, 5, 5, 18, 19, 5, 3, 8, 17, 8, 9, 14, 9, 12, 13, 4, 3, 20, 9, 18, 7, 16, 9, 10, 4, 13, 5, 11, 6, 11, 11, 4, 4, 19, 5, 3, 6, 6, 16, 12, 6, 12, 11, 15, 3, 4, 7, 6, 18, 5, 3, 8, 11, 14, 16, 5, 4, 3, 3, 2, 1, 1, 1, 1, 1, 1, 1, 1, 1, 1, 1, 1, 1, 1, 1, 1, 1, 1, 1, 1, 1, 1, 1, 1, 1, 1, 1, 1, 1, 1, 1, 1, 1, 1, 1, 1, 1, 1, 1, 1, 1, 1, 1, 1, 1, 1, 1, 1, 1, 1, 1, 1, 1, 1, 1, 1, 1, 1, 1, 1, 1, 1, 1, 1, 1, 1, 1, 1, 1, 1, 1, 1, 1, 1, 1, 1, 1], 'token_type_ids': [0, 0, 0, 0, 0, 0, 0, 0, 0, 0, 0, 0, 0, 0, 0, 0, 0, 0, 0, 0, 0, 0, 0, 0, 0, 0, 0, 0, 0, 0, 0, 0, 0, 0, 0, 0, 0, 0, 0, 0, 0, 0, 0, 0, 0, 0, 0, 0, 0, 0, 0, 0, 0, 0, 0, 0, 0, 0, 0, 0, 0, 0, 0, 0, 0, 0, 0, 0, 0, 0, 0, 0, 0, 0, 0, 0, 0, 0, 0, 0, 0, 0, 0, 0, 0, 0, 0, 0, 0, 0, 0, 0, 0, 0, 0, 0, 0, 0, 0, 0, 0, 0, 0, 0, 0, 0, 0, 0, 0, 0, 0, 0, 0, 0, 0, 0, 0, 0, 0, 0, 0, 0, 0, 0, 0, 0, 0, 0, 0, 0, 0, 0, 0, 0, 0, 0, 0, 0, 0, 0, 0, 0, 0, 0, 0, 0, 0, 0, 0, 0, 0, 0, 0, 0, 0, 0, 0, 0, 0, 0, 0, 0, 0, 0, 0, 0, 0, 0, 0, 0, 0, 0, 0, 0, 0, 0, 0, 0, 0, 0, 0, 0, 0, 0, 0, 0, 0, 0, 0, 0, 0, 0, 0, 0, 0, 0, 0, 0, 0, 0, 0, 0, 0, 0, 0, 0, 0, 0, 0, 0, 0, 0, 0, 0, 0, 0, 0, 0, 0, 0, 0, 0, 0, 0, 0, 0, 0, 0, 0, 0, 0, 0, 0, 0, 0, 0, 0, 0, 0, 0, 0, 0, 0, 0, 0, 0, 0, 0, 0, 0, 0, 0, 0, 0, 0, 0, 0, 0, 0, 0, 0, 0, 0, 0, 0, 0, 0, 0, 0, 0, 0, 0, 0, 0, 0, 0, 0], 'attention_mask': [1, 1, 1, 1, 1, 1, 1, 1, 1, 1, 1, 1, 1, 1, 1, 1, 1, 1, 1, 1, 1, 1, 1, 1, 1, 1, 1, 1, 1, 1, 1, 1, 1, 1, 1, 1, 1, 1, 1, 1, 1, 1, 1, 1, 1, 1, 1, 1, 1, 1, 1, 1, 1, 1, 1, 1, 1, 1, 1, 1, 1, 1, 1, 1, 1, 1, 1, 1, 1, 1, 1, 1, 1, 1, 1, 1, 1, 1, 1, 1, 1, 1, 1, 1, 1, 1, 1, 1, 1, 1, 1, 1, 1, 1, 1, 1, 1, 1, 1, 1, 1, 1, 1, 1, 1, 1, 1, 1, 1, 1, 1, 1, 1, 1, 1, 1, 1, 1, 1, 1, 1, 1, 1, 1, 1, 1, 1, 1, 1, 1, 1, 1, 1, 1, 1, 1, 1, 1, 1, 1, 1, 1, 1, 1, 1, 1, 1, 1, 1, 1, 1, 1, 1, 1, 1, 1, 1, 1, 1, 1, 1, 1, 1, 1, 1, 1, 1, 1, 1, 1, 1, 1, 1, 1, 1, 1, 1, 1, 1, 1, 1, 1, 1, 1, 1, 1, 1, 1, 1, 1, 1, 1, 1, 1, 1, 1, 1, 1, 1, 1, 0, 0, 0, 0, 0, 0, 0, 0, 0, 0, 0, 0, 0, 0, 0, 0, 0, 0, 0, 0, 0, 0, 0, 0, 0, 0, 0, 0, 0, 0, 0, 0, 0, 0, 0, 0, 0, 0, 0, 0, 0, 0, 0, 0, 0, 0, 0, 0, 0, 0, 0, 0, 0, 0, 0, 0, 0, 0, 0, 0, 0, 0, 0, 0, 0, 0, 0, 0, 0, 0, 0, 0, 0, 0, 0, 0, 0]}",B,"{'A': 0.00043885354534722865, 'IA': 5.7697019656188786e-05, 'T': 0.0001418774772901088, 'AV': 7.746343908365816e-05, 'AC': 0.00010431103873997927, 'P': 0.00020971152116544545, 'A***8': 0.00010907065006904304, 'A)': 8.215312118409202e-05, 'LL': 8.716519369045272e-05, 'II': 0.00011340460332576185, 'M': 6.191126158228144e-05, 'AD': 5.959406917099841e-05, 'ADD': 8.151239308062941e-05, 'PT': 2.1371304683270864e-05, 'ttttt': 3.7165198591537774e-05, 'G': 8.336466999026015e-05, 'F': 0.00010761924932012334, 'AA': 4.53298598586116e-05, 'B': 0.9868581295013428, 'U': 9.30997557588853e-05, 'C': 0.01010008342564106, 'HHHH': 0.00013801292516291142, 'D': 0.0001667375472607091, 'L': 0.00018764995911624283, 'CC': 8.785537647781894e-05, 'CE': 0.0003233678871765733, 'O': 0.00012575212167575955}"
7,08,179,GSGVIISKDGYIVTNNHVIDGADEIIVKLNDNREFKGRMIGTDPNSDLALVKIEGDDFPTIPVGDSDALKVGEWVLAVGNPFNLTSTVTAGIVSAKARTLGVYGIGGVESFIQTDAAINQGNSGGALVNAKGELVGINAVLSSPTGAYAGYGFAIPTSVMTKVVSDLKQYGTVQRALLG,"{'input_ids': [5, 8, 5, 6, 9, 9, 8, 10, 12, 5, 18, 9, 6, 13, 15, 15, 20, 6, 9, 12, 5, 4, 12, 7, 9, 9, 6, 10, 3, 15, 12, 15, 11, 7, 17, 10, 5, 11, 19, 9, 5, 13, 12, 14, 15, 8, 12, 3, 4, 3, 6, 10, 9, 7, 5, 12, 12, 17, 14, 13, 9, 14, 6, 5, 12, 8, 12, 4, 3, 10, 6, 5, 7, 22, 6, 3, 4, 6, 5, 15, 14, 17, 15, 3, 13, 8, 13, 6, 13, 4, 5, 9, 6, 8, 4, 10, 4, 11, 13, 3, 5, 6, 18, 5, 9, 5, 5, 6, 7, 8, 17, 9, 16, 13, 12, 4, 4, 9, 15, 16, 5, 15, 8, 5, 5, 4, 3, 6, 15, 4, 10, 5, 7, 3, 6, 5, 9, 15, 4, 6, 3, 8, 8, 14, 13, 5, 4, 18, 4, 5, 18, 5, 17, 4, 9, 14, 13, 8, 6, 19, 13, 10, 6, 6, 8, 12, 3, 10, 16, 18, 5, 13, 6, 16, 11, 4, 3, 3, 5, 2, 1, 1, 1, 1, 1, 1, 1, 1, 1, 1, 1, 1, 1, 1, 1, 1, 1, 1, 1, 1, 1, 1, 1, 1, 1, 1, 1, 1, 1, 1, 1, 1, 1, 1, 1, 1, 1, 1, 1, 1, 1, 1, 1, 1, 1, 1, 1, 1, 1, 1, 1, 1, 1, 1, 1, 1, 1, 1, 1, 1, 1, 1, 1, 1, 1, 1, 1, 1, 1, 1, 1, 1, 1, 1, 1, 1, 1, 1, 1, 1, 1, 1, 1, 1, 1, 1, 1, 1, 1, 1, 1, 1, 1, 1, 1, 1, 1], 'token_type_ids': [0, 0, 0, 0, 0, 0, 0, 0, 0, 0, 0, 0, 0, 0, 0, 0, 0, 0, 0, 0, 0, 0, 0, 0, 0, 0, 0, 0, 0, 0, 0, 0, 0, 0, 0, 0, 0, 0, 0, 0, 0, 0, 0, 0, 0, 0, 0, 0, 0, 0, 0, 0, 0, 0, 0, 0, 0, 0, 0, 0, 0, 0, 0, 0, 0, 0, 0, 0, 0, 0, 0, 0, 0, 0, 0, 0, 0, 0, 0, 0, 0, 0, 0, 0, 0, 0, 0, 0, 0, 0, 0, 0, 0, 0, 0, 0, 0, 0, 0, 0, 0, 0, 0, 0, 0, 0, 0, 0, 0, 0, 0, 0, 0, 0, 0, 0, 0, 0, 0, 0, 0, 0, 0, 0, 0, 0, 0, 0, 0, 0, 0, 0, 0, 0, 0, 0, 0, 0, 0, 0, 0, 0, 0, 0, 0, 0, 0, 0, 0, 0, 0, 0, 0, 0, 0, 0, 0, 0, 0, 0, 0, 0, 0, 0, 0, 0, 0, 0, 0, 0, 0, 0, 0, 0, 0, 0, 0, 0, 0, 0, 0, 0, 0, 0, 0, 0, 0, 0, 0, 0, 0, 0, 0, 0, 0, 0, 0, 0, 0, 0, 0, 0, 0, 0, 0, 0, 0, 0, 0, 0, 0, 0, 0, 0, 0, 0, 0, 0, 0, 0, 0, 0, 0, 0, 0, 0, 0, 0, 0, 0, 0, 0, 0, 0, 0, 0, 0, 0, 0, 0, 0, 0, 0, 0, 0, 0, 0, 0, 0, 0, 0, 0, 0, 0, 0, 0, 0, 0, 0, 0, 0, 0, 0, 0, 0, 0, 0, 0, 0, 0, 0, 0, 0, 0, 0, 0, 0], 'attention_mask': [1, 1, 1, 1, 1, 1, 1, 1, 1, 1, 1, 1, 1, 1, 1, 1, 1, 1, 1, 1, 1, 1, 1, 1, 1, 1, 1, 1, 1, 1, 1, 1, 1, 1, 1, 1, 1, 1, 1, 1, 1, 1, 1, 1, 1, 1, 1, 1, 1, 1, 1, 1, 1, 1, 1, 1, 1, 1, 1, 1, 1, 1, 1, 1, 1, 1, 1, 1, 1, 1, 1, 1, 1, 1, 1, 1, 1, 1, 1, 1, 1, 1, 1, 1, 1, 1, 1, 1, 1, 1, 1, 1, 1, 1, 1, 1, 1, 1, 1, 1, 1, 1, 1, 1, 1, 1, 1, 1, 1, 1, 1, 1, 1, 1, 1, 1, 1, 1, 1, 1, 1, 1, 1, 1, 1, 1, 1, 1, 1, 1, 1, 1, 1, 1, 1, 1, 1, 1, 1, 1, 1, 1, 1, 1, 1, 1, 1, 1, 1, 1, 1, 1, 1, 1, 1, 1, 1, 1, 1, 1, 1, 1, 1, 1, 1, 1, 1, 1, 1, 1, 1, 1, 1, 1, 1, 1, 1, 1, 1, 1, 0, 0, 0, 0, 0, 0, 0, 0, 0, 0, 0, 0, 0, 0, 0, 0, 0, 0, 0, 0, 0, 0, 0, 0, 0, 0, 0, 0, 0, 0, 0, 0, 0, 0, 0, 0, 0, 0, 0, 0, 0, 0, 0, 0, 0, 0, 0, 0, 0, 0, 0, 0, 0, 0, 0, 0, 0, 0, 0, 0, 0, 0, 0, 0, 0, 0, 0, 0, 0, 0, 0, 0, 0, 0, 0, 0, 0, 0, 0, 0, 0, 0, 0, 0, 0, 0, 0, 0, 0, 0, 0, 0, 0, 0, 0, 0, 0]}",B,"{'A': 0.00037626802804879844, 'IA': 6.15009994362481e-05, 'T': 0.00015275274927262217, 'AV': 0.0001678986009210348, 'AC': 0.00013213408237788826, 'P': 0.0002660536265466362, 'A***8': 0.00010442612983752042, 'A)': 6.72531095915474e-05, 'LL': 0.00011683756747515872, 'II': 9.761213732417673e-05, 'M': 8.208790677599609e-05, 'AD': 3.457050115684979e-05, 'ADD': 0.00010406237561255693, 'PT': 4.1140770917991176e-05, 'ttttt': 5.631170643027872e-05, 'G': 0.0001278594572795555, 'F': 0.00016362319001927972, 'AA': 5.4356540204025805e-05, 'B': 0.9828189015388489, 'U': 6.0464539274107665e-05, 'C': 0.01368604227900505, 'HHHH': 0.00020730058895424008, 'D': 0.00023404300736729056, 'L': 0.00019568756397347897, 'CC': 0.00014823854144196957, 'CE': 0.0002967535983771086, 'O': 0.00014586406177841127}"
8,09,136,GFVVDAERGYILTNRHVVGAGPFWGYCIFDNHEECDVYPVYRDPVHDFGILRFDPKAVKYMQLASLELRPDLAKVGTEIRVVGNDAGEKLSILSGVISRLDRNAPEYGEGYSDFNTNYIQAAAAASGGSSGSPVVN,"{'input_ids': [5, 17, 6, 6, 12, 4, 7, 11, 5, 18, 9, 3, 13, 15, 11, 20, 6, 6, 5, 4, 5, 14, 17, 22, 5, 18, 21, 9, 17, 12, 15, 20, 7, 7, 21, 12, 6, 18, 14, 6, 18, 11, 12, 14, 6, 20, 12, 17, 5, 9, 3, 11, 17, 12, 14, 10, 4, 6, 10, 18, 19, 16, 3, 4, 8, 3, 7, 3, 11, 14, 12, 3, 4, 10, 6, 5, 13, 7, 9, 11, 6, 6, 5, 15, 12, 4, 5, 7, 10, 3, 8, 9, 3, 8, 5, 6, 9, 8, 11, 3, 12, 11, 15, 4, 14, 7, 18, 5, 7, 5, 18, 8, 12, 17, 15, 13, 15, 18, 9, 16, 4, 4, 4, 4, 4, 8, 5, 5, 8, 8, 5, 8, 14, 6, 6, 15, 2, 1, 1, 1, 1, 1, 1, 1, 1, 1, 1, 1, 1, 1, 1, 1, 1, 1, 1, 1, 1, 1, 1, 1, 1, 1, 1, 1, 1, 1, 1, 1, 1, 1, 1, 1, 1, 1, 1, 1, 1, 1, 1, 1, 1, 1, 1, 1, 1, 1, 1, 1, 1, 1, 1, 1, 1, 1, 1, 1, 1, 1, 1, 1, 1, 1, 1, 1, 1, 1, 1, 1, 1, 1, 1, 1, 1, 1, 1, 1, 1, 1, 1, 1, 1, 1, 1, 1, 1, 1, 1, 1, 1, 1, 1, 1, 1, 1, 1, 1, 1, 1, 1, 1, 1, 1, 1, 1, 1, 1, 1, 1, 1, 1, 1, 1, 1, 1, 1, 1, 1, 1, 1, 1, 1, 1, 1, 1, 1, 1, 1, 1, 1, 1, 1, 1, 1, 1, 1, 1, 1], 'token_type_ids': [0, 0, 0, 0, 0, 0, 0, 0, 0, 0, 0, 0, 0, 0, 0, 0, 0, 0, 0, 0, 0, 0, 0, 0, 0, 0, 0, 0, 0, 0, 0, 0, 0, 0, 0, 0, 0, 0, 0, 0, 0, 0, 0, 0, 0, 0, 0, 0, 0, 0, 0, 0, 0, 0, 0, 0, 0, 0, 0, 0, 0, 0, 0, 0, 0, 0, 0, 0, 0, 0, 0, 0, 0, 0, 0, 0, 0, 0, 0, 0, 0, 0, 0, 0, 0, 0, 0, 0, 0, 0, 0, 0, 0, 0, 0, 0, 0, 0, 0, 0, 0, 0, 0, 0, 0, 0, 0, 0, 0, 0, 0, 0, 0, 0, 0, 0, 0, 0, 0, 0, 0, 0, 0, 0, 0, 0, 0, 0, 0, 0, 0, 0, 0, 0, 0, 0, 0, 0, 0, 0, 0, 0, 0, 0, 0, 0, 0, 0, 0, 0, 0, 0, 0, 0, 0, 0, 0, 0, 0, 0, 0, 0, 0, 0, 0, 0, 0, 0, 0, 0, 0, 0, 0, 0, 0, 0, 0, 0, 0, 0, 0, 0, 0, 0, 0, 0, 0, 0, 0, 0, 0, 0, 0, 0, 0, 0, 0, 0, 0, 0, 0, 0, 0, 0, 0, 0, 0, 0, 0, 0, 0, 0, 0, 0, 0, 0, 0, 0, 0, 0, 0, 0, 0, 0, 0, 0, 0, 0, 0, 0, 0, 0, 0, 0, 0, 0, 0, 0, 0, 0, 0, 0, 0, 0, 0, 0, 0, 0, 0, 0, 0, 0, 0, 0, 0, 0, 0, 0, 0, 0, 0, 0, 0, 0, 0, 0, 0, 0, 0, 0, 0, 0, 0, 0, 0, 0, 0], 'attention_mask': [1, 1, 1, 1, 1, 1, 1, 1, 1, 1, 1, 1, 1, 1, 1, 1, 1, 1, 1, 1, 1, 1, 1, 1, 1, 1, 1, 1, 1, 1, 1, 1, 1, 1, 1, 1, 1, 1, 1, 1, 1, 1, 1, 1, 1, 1, 1, 1, 1, 1, 1, 1, 1, 1, 1, 1, 1, 1, 1, 1, 1, 1, 1, 1, 1, 1, 1, 1, 1, 1, 1, 1, 1, 1, 1, 1, 1, 1, 1, 1, 1, 1, 1, 1, 1, 1, 1, 1, 1, 1, 1, 1, 1, 1, 1, 1, 1, 1, 1, 1, 1, 1, 1, 1, 1, 1, 1, 1, 1, 1, 1, 1, 1, 1, 1, 1, 1, 1, 1, 1, 1, 1, 1, 1, 1, 1, 1, 1, 1, 1, 1, 1, 1, 1, 1, 1, 1, 0, 0, 0, 0, 0, 0, 0, 0, 0, 0, 0, 0, 0, 0, 0, 0, 0, 0, 0, 0, 0, 0, 0, 0, 0, 0, 0, 0, 0, 0, 0, 0, 0, 0, 0, 0, 0, 0, 0, 0, 0, 0, 0, 0, 0, 0, 0, 0, 0, 0, 0, 0, 0, 0, 0, 0, 0, 0, 0, 0, 0, 0, 0, 0, 0, 0, 0, 0, 0, 0, 0, 0, 0, 0, 0, 0, 0, 0, 0, 0, 0, 0, 0, 0, 0, 0, 0, 0, 0, 0, 0, 0, 0, 0, 0, 0, 0, 0, 0, 0, 0, 0, 0, 0, 0, 0, 0, 0, 0, 0, 0, 0, 0, 0, 0, 0, 0, 0, 0, 0, 0, 0, 0, 0, 0, 0, 0, 0, 0, 0, 0, 0, 0, 0, 0, 0, 0, 0, 0, 0]}",C,"{'A': 0.0057443915866315365, 'IA': 0.0004954393371008337, 'T': 0.0006219155038706958, 'AV': 0.0011205491609871387, 'AC': 0.0011534788645803928, 'P': 0.000863086839672178, 'A***8': 0.0006109798559919, 'A)': 0.000724571873433888, 'LL': 0.0006500978488475084, 'II': 0.0014227969804778695, 'M': 0.0006982858176343143, 'AD': 0.000366153079085052, 'ADD': 0.0006501989555545151, 'PT': 0.00023772277927491814, 'ttttt': 0.00029974780045449734, 'G': 0.000664534280076623, 'F': 0.0008455945062451065, 'AA': 0.0006605351227335632, 'B': 0.41396084427833557, 'U': 0.0006900030421093106, 'C': 0.5598911046981812, 'HHHH': 0.0008227958460338414, 'D': 0.0016463537467643619, 'L': 0.0016924296505749226, 'CC': 0.0006434950628317893, 'CE': 0.0015865984605625272, 'O': 0.0012362092966213822}"
9,10,192,SGVLVGPHHILTAAHNVFSHDRTSTKEWATNIVVRLALNDRVAHFGELSAVKFYTFEEYIKDRDQGLDIALIILNKSIGLETGWVGLLADEDAPLMSDSIHVTGYPGDKGFKQLWTMSHRIKQLEQERIFYDIDTYAGQSGGAIWINRDSSVYLGPHVIGVHARGEEIPDKGNSGVRLSHEKFNYIIKWISE,"{'input_ids': [8, 5, 6, 3, 6, 5, 14, 20, 20, 9, 3, 13, 4, 4, 20, 15, 6, 17, 8, 20, 12, 11, 13, 8, 13, 10, 7, 22, 4, 13, 15, 9, 6, 6, 11, 3, 4, 3, 15, 12, 11, 6, 4, 20, 17, 5, 7, 3, 8, 4, 6, 10, 17, 18, 13, 17, 7, 7, 18, 9, 10, 12, 11, 12, 16, 5, 3, 12, 9, 4, 3, 9, 9, 3, 15, 10, 8, 9, 5, 3, 7, 13, 5, 22, 6, 5, 3, 3, 4, 12, 7, 12, 4, 14, 3, 19, 8, 12, 8, 9, 20, 6, 13, 5, 18, 14, 5, 12, 10, 5, 17, 10, 16, 3, 22, 13, 19, 8, 20, 11, 9, 10, 16, 3, 7, 16, 7, 11, 9, 17, 18, 12, 9, 12, 13, 18, 4, 5, 16, 8, 5, 5, 4, 9, 22, 9, 15, 11, 12, 8, 8, 6, 18, 3, 5, 14, 20, 6, 9, 5, 6, 20, 4, 11, 5, 7, 7, 9, 14, 12, 10, 5, 15, 8, 5, 6, 11, 3, 8, 20, 7, 10, 17, 15, 18, 9, 9, 10, 22, 9, 8, 7, 2, 1, 1, 1, 1, 1, 1, 1, 1, 1, 1, 1, 1, 1, 1, 1, 1, 1, 1, 1, 1, 1, 1, 1, 1, 1, 1, 1, 1, 1, 1, 1, 1, 1, 1, 1, 1, 1, 1, 1, 1, 1, 1, 1, 1, 1, 1, 1, 1, 1, 1, 1, 1, 1, 1, 1, 1, 1, 1, 1, 1, 1, 1, 1, 1, 1, 1, 1, 1, 1, 1, 1, 1, 1, 1, 1, 1, 1, 1, 1, 1, 1, 1, 1, 1], 'token_type_ids': [0, 0, 0, 0, 0, 0, 0, 0, 0, 0, 0, 0, 0, 0, 0, 0, 0, 0, 0, 0, 0, 0, 0, 0, 0, 0, 0, 0, 0, 0, 0, 0, 0, 0, 0, 0, 0, 0, 0, 0, 0, 0, 0, 0, 0, 0, 0, 0, 0, 0, 0, 0, 0, 0, 0, 0, 0, 0, 0, 0, 0, 0, 0, 0, 0, 0, 0, 0, 0, 0, 0, 0, 0, 0, 0, 0, 0, 0, 0, 0, 0, 0, 0, 0, 0, 0, 0, 0, 0, 0, 0, 0, 0, 0, 0, 0, 0, 0, 0, 0, 0, 0, 0, 0, 0, 0, 0, 0, 0, 0, 0, 0, 0, 0, 0, 0, 0, 0, 0, 0, 0, 0, 0, 0, 0, 0, 0, 0, 0, 0, 0, 0, 0, 0, 0, 0, 0, 0, 0, 0, 0, 0, 0, 0, 0, 0, 0, 0, 0, 0, 0, 0, 0, 0, 0, 0, 0, 0, 0, 0, 0, 0, 0, 0, 0, 0, 0, 0, 0, 0, 0, 0, 0, 0, 0, 0, 0, 0, 0, 0, 0, 0, 0, 0, 0, 0, 0, 0, 0, 0, 0, 0, 0, 0, 0, 0, 0, 0, 0, 0, 0, 0, 0, 0, 0, 0, 0, 0, 0, 0, 0, 0, 0, 0, 0, 0, 0, 0, 0, 0, 0, 0, 0, 0, 0, 0, 0, 0, 0, 0, 0, 0, 0, 0, 0, 0, 0, 0, 0, 0, 0, 0, 0, 0, 0, 0, 0, 0, 0, 0, 0, 0, 0, 0, 0, 0, 0, 0, 0, 0, 0, 0, 0, 0, 0, 0, 0, 0, 0, 0, 0, 0, 0, 0, 0, 0, 0], 'attention_mask': [1, 1, 1, 1, 1, 1, 1, 1, 1, 1, 1, 1, 1, 1, 1, 1, 1, 1, 1, 1, 1, 1, 1, 1, 1, 1, 1, 1, 1, 1, 1, 1, 1, 1, 1, 1, 1, 1, 1, 1, 1, 1, 1, 1, 1, 1, 1, 1, 1, 1, 1, 1, 1, 1, 1, 1, 1, 1, 1, 1, 1, 1, 1, 1, 1, 1, 1, 1, 1, 1, 1, 1, 1, 1, 1, 1, 1, 1, 1, 1, 1, 1, 1, 1, 1, 1, 1, 1, 1, 1, 1, 1, 1, 1, 1, 1, 1, 1, 1, 1, 1, 1, 1, 1, 1, 1, 1, 1, 1, 1, 1, 1, 1, 1, 1, 1, 1, 1, 1, 1, 1, 1, 1, 1, 1, 1, 1, 1, 1, 1, 1, 1, 1, 1, 1, 1, 1, 1, 1, 1, 1, 1, 1, 1, 1, 1, 1, 1, 1, 1, 1, 1, 1, 1, 1, 1, 1, 1, 1, 1, 1, 1, 1, 1, 1, 1, 1, 1, 1, 1, 1, 1, 1, 1, 1, 1, 1, 1, 1, 1, 1, 1, 1, 1, 1, 1, 1, 1, 1, 1, 1, 1, 1, 0, 0, 0, 0, 0, 0, 0, 0, 0, 0, 0, 0, 0, 0, 0, 0, 0, 0, 0, 0, 0, 0, 0, 0, 0, 0, 0, 0, 0, 0, 0, 0, 0, 0, 0, 0, 0, 0, 0, 0, 0, 0, 0, 0, 0, 0, 0, 0, 0, 0, 0, 0, 0, 0, 0, 0, 0, 0, 0, 0, 0, 0, 0, 0, 0, 0, 0, 0, 0, 0, 0, 0, 0, 0, 0, 0, 0, 0, 0, 0, 0, 0, 0, 0]}",A,"{'A': 0.9871248602867126, 'IA': 0.00041559283272363245, 'T': 0.00033754127798601985, 'AV': 0.0005982320290058851, 'AC': 0.00027285946998745203, 'P': 0.0004846109077334404, 'A***8': 0.0005841102101840079, 'A)': 0.0003363074210938066, 'LL': 0.00013922601647209376, 'II': 0.00018235512834507972, 'M': 0.00011385740072000772, 'AD': 0.0006035369588062167, 'ADD': 0.0003042571188416332, 'PT': 0.0002659993479028344, 'ttttt': 0.0004905331297777593, 'G': 0.00023953242634888738, 'F': 0.000268924719421193, 'AA': 0.0002610154333524406, 'B': 0.0023852623999118805, 'U': 8.015416096895933e-05, 'C': 0.0034450425300747156, 'HHHH': 0.00011865962005686015, 'D': 0.00016935428720898926, 'L': 0.00014322339848149568, 'CC': 0.0001450752461096272, 'CE': 0.00032814033329486847, 'O': 0.00016166588466148823}"
